<?xml version="1.0" encoding="utf-8"?>
<!DOCTYPE dmodule [
<!ENTITY ICN-PUMP-1-112233-0-00000-00000-A-01-1 SYSTEM "ICN-PUMP-1-112233-0-00000-00000-A-01-1.wrl" NDATA wrl>
<!ENTITY ICN-YAK130-A-732003-0-00000-33626-A-01-1 SYSTEM "ICN-YAK130-A-732003-0-00000-33626-A-01-1.cgm" NDATA cgm>
<!ENTITY ICN-YAK130-A-732003-0-00000-33626-A-01-2 SYSTEM "ICN-YAK130-A-732003-0-00000-33626-A-01-2.cgm" NDATA cgm>
<!ENTITY ICN-YAK130-A-732003-0-00000-33626-A-01-3 SYSTEM "ICN-YAK130-A-732003-0-00000-33626-A-01-3.cgm" NDATA cgm>
<!ENTITY ICN-YAK130-A-732003-0-00000-33626-A-01-4 SYSTEM "ICN-YAK130-A-732003-0-00000-33626-A-01-4.cgm" NDATA cgm>
<!ENTITY ICN-YAK130-A-732003-0-00000-33626-A-01-5 SYSTEM "ICN-YAK130-A-732003-0-00000-33626-A-01-5.cgm" NDATA cgm>
<!ENTITY ICN-YAK130-A-732003-0-00000-33626-A-01-6 SYSTEM "ICN-YAK130-A-732003-0-00000-33626-A-01-6.cgm" NDATA cgm>
<!NOTATION wrl PUBLIC "-//S1000D//NOTATION VRML  3D Models Encoding//EN">
<!NOTATION cgm PUBLIC "-//USA-DOD//NOTATION Computer Graphics Metafile//EN">
<!NOTATION svg PUBLIC "-//TEI//NOTATION W3C Scalable Vector Graphics Format//EN">
<!NOTATION bmp PUBLIC "-//S1000D//NOTATION Microsoft Bitmap Graphics Format Encoding//EN">
<!NOTATION gif PUBLIC "+//ISBN 0-7923-9432-1::Graphic Notation//NOTATION CompuServe Graphic Interchange Format//EN">
<!NOTATION jpeg PUBLIC "+//ISBN 0-7923-9432-1::Graphic Notation//NOTATION Joint Photographic Experts Group Raster//EN">
<!NOTATION tiff PUBLIC "+//ISBN 0-7923-9432-1::Graphic Notation//NOTATION Aldus/Microsoft Tagged Interchange File Format//EN">
<!NOTATION png PUBLIC "-//W3C//NOTATION Portable Network Graphics//EN">
<!NOTATION wmf PUBLIC "+//ISBN 0-7923-9432-1::Graphic Notation//NOTATION Microsoft Windows Metafile//EN">
]>
<dmodule xsi:noNamespaceSchemaLocation="http://www.s1000d.org/S1000D_4-0/xml_schema_flat/ipd.xsd" xmlns:xsi="http://www.w3.org/2001/XMLSchema-instance" xmlns:xlink="http://www.w3.org/1999/xlink">
<identAndStatusSection>
<dmAddress>
<dmIdent>
<dmCode modelIdentCode="PUMP" systemDiffCode="1" systemCode="11" subSystemCode="2" subSubSystemCode="2" assyCode="33" disassyCode="00" disassyCodeVariant="01" infoCode="000" infoCodeVariant="A" itemLocationCode="0" />
<language countryIsoCode="RU" languageIsoCode="ru" />
<issueInfo issueNumber="001" inWork="01" />
</dmIdent>
<dmAddressItems>
<issueDate day="01" month="12" year="2010" />
<dmTitle>
<techName></techName>
<infoName>Illustrated parts data</infoName>
</dmTitle>
</dmAddressItems>
</dmAddress>
<dmStatus issueType="new">
<security securityClassification="01" />
<responsiblePartnerCompany enterpriseCode="" />
<originator enterpriseCode="" />
<applic>
<displayText />
<assert applicPropertyIdent="model" applicPropertyType="prodattr" applicPropertyValues="Pump HP7357" />
</applic>
<brexDmRef>
<dmRef xlink:type="simple" xlink:actuate="onRequest" xlink:show="replace" xlink:href="URN:S1000D:DMC-S1000D-A-04-10-0301-00A-022A-D_005-00_EN-US">
<dmRefIdent>
<dmCode modelIdentCode="S1000D" systemDiffCode="A" systemCode="04" subSystemCode="1" subSubSystemCode="0" assyCode="0301" disassyCode="00" disassyCodeVariant="A" infoCode="022" infoCodeVariant="A" itemLocationCode="D" />
<issueInfo issueNumber="005" inWork="00" />
</dmRefIdent>
</dmRef>
</brexDmRef>
<qualityAssurance>
<firstVerification verificationType="" />
</qualityAssurance>
</dmStatus>
</identAndStatusSection>
<content>
<illustratedPartsCatalog>
<figure>
<title></title>
<graphic infoEntityIdent="ICN-YAK130-A-732003-0-00000-33626-A-01-1" xlink:type="simple" xlink:href="ICN-YAK130-A-732003-0-00000-33626-A-01-1.cgm" />
<graphic infoEntityIdent="ICN-YAK130-A-732003-0-00000-33626-A-01-2" xlink:type="simple" xlink:href="ICN-YAK130-A-732003-0-00000-33626-A-01-2.cgm" />
<graphic infoEntityIdent="ICN-YAK130-A-732003-0-00000-33626-A-01-3" xlink:type="simple" xlink:href="ICN-YAK130-A-732003-0-00000-33626-A-01-3.cgm" />
<graphic infoEntityIdent="ICN-YAK130-A-732003-0-00000-33626-A-01-4" xlink:type="simple" xlink:href="ICN-YAK130-A-732003-0-00000-33626-A-01-4.cgm" />
<graphic infoEntityIdent="ICN-YAK130-A-732003-0-00000-33626-A-01-5" xlink:type="simple" xlink:href="ICN-YAK130-A-732003-0-00000-33626-A-01-5.cgm" />
<graphic infoEntityIdent="ICN-YAK130-A-732003-0-00000-33626-A-01-6" xlink:type="simple" xlink:href="ICN-YAK130-A-732003-0-00000-33626-A-01-6.cgm" />
</figure>
<multimedia>
<title></title>
<multimediaObject id="mul-001" infoEntityIdent="ICN-PUMP-1-112233-0-00000-00000-A-01-1" multimediaType="3D" autoPlay="0" fullScreen="0" showPluginControls="hide" xlink:type="simple" xlink:href="ICN-PUMP-1-112233-0-00000-00000-A-01-1.wrl">
</multimediaObject>
</multimedia>
<catalogSeqNumber catalogSeqNumberValue="11223301A000 " indenture="1" catalogItemNumber="000 ">
<itemSequenceNumber itemSeqNumberValue="00A">
<quantityPerNextHigherAssy>RF</quantityPerNextHigherAssy>
<manufacturerCode>10819</manufacturerCode>
<partNumber>PM005300</partNumber>
<partIdentSegment>
<descrForPart>Pump Assy</descrForPart>
</partIdentSegment>
<partLocationSegment>
</partLocationSegment>
<applicabilitySegment />
<locationRcmdSegment>
<locationRcmd>
<service>xxx</service>
<sourceMaintRecoverability>x</sourceMaintRecoverability>
</locationRcmd>
</locationRcmdSegment>
</itemSequenceNumber>
</catalogSeqNumber>
<catalogSeqNumber catalogSeqNumberValue="11223301A010 " indenture="2" catalogItemNumber="010 ">
<itemSequenceNumber itemSeqNumberValue="00A">
<quantityPerNextHigherAssy>1</quantityPerNextHigherAssy>
<manufacturerCode>10819</manufacturerCode>
<partNumber>PM005301</partNumber>
<partIdentSegment>
<descrForPart>Back Plate Assy</descrForPart>
</partIdentSegment>
<partLocationSegment>
</partLocationSegment>
<applicabilitySegment />
<locationRcmdSegment>
<locationRcmd>
<service>xxx</service>
<sourceMaintRecoverability>x</sourceMaintRecoverability>
</locationRcmd>
</locationRcmdSegment>
</itemSequenceNumber>
</catalogSeqNumber>
<catalogSeqNumber catalogSeqNumberValue="11223301A020 " indenture="3" catalogItemNumber="020 ">
<itemSequenceNumber itemSeqNumberValue="00A">
<quantityPerNextHigherAssy>8</quantityPerNextHigherAssy>
<manufacturerCode>10819</manufacturerCode>
<partNumber>BLT000324</partNumber>
<partIdentSegment>
<descrForPart>Bolt, Hex Head</descrForPart>
</partIdentSegment>
<partLocationSegment>
</partLocationSegment>
<applicabilitySegment />
<locationRcmdSegment>
<locationRcmd>
<service>xxx</service>
<sourceMaintRecoverability>x</sourceMaintRecoverability>
</locationRcmd>
</locationRcmdSegment>
</itemSequenceNumber>
</catalogSeqNumber>
<catalogSeqNumber catalogSeqNumberValue="11223301A030 " indenture="3" catalogItemNumber="030 ">
<itemSequenceNumber itemSeqNumberValue="00A">
<quantityPerNextHigherAssy>1</quantityPerNextHigherAssy>
<manufacturerCode>10819</manufacturerCode>
<partNumber>PM005302</partNumber>
<partIdentSegment>
<descrForPart>Retaining ring</descrForPart>
</partIdentSegment>
<partLocationSegment>
</partLocationSegment>
<applicabilitySegment />
<locationRcmdSegment>
<locationRcmd>
<service>xxx</service>
<sourceMaintRecoverability>x</sourceMaintRecoverability>
</locationRcmd>
</locationRcmdSegment>
</itemSequenceNumber>
</catalogSeqNumber>
<catalogSeqNumber catalogSeqNumberValue="11223301A040 " indenture="3" catalogItemNumber="040 ">
<itemSequenceNumber itemSeqNumberValue="00A">
<quantityPerNextHigherAssy>1</quantityPerNextHigherAssy>
<manufacturerCode>10819</manufacturerCode>
<partNumber>PM005303</partNumber>
<partIdentSegment>
<descrForPart>Ball Bearing Assy</descrForPart>
</partIdentSegment>
<partLocationSegment>
</partLocationSegment>
<applicabilitySegment />
<locationRcmdSegment>
<locationRcmd>
<service>xxx</service>
<sourceMaintRecoverability>x</sourceMaintRecoverability>
</locationRcmd>
</locationRcmdSegment>
</itemSequenceNumber>
</catalogSeqNumber>
<catalogSeqNumber catalogSeqNumberValue="11223301A050 " indenture="4" catalogItemNumber="050 ">
<itemSequenceNumber itemSeqNumberValue="00A">
<quantityPerNextHigherAssy>1</quantityPerNextHigherAssy>
<manufacturerCode>10819</manufacturerCode>
<partNumber>PM005305</partNumber>
<partIdentSegment>
<descrForPart>Ball Bearing</descrForPart>
</partIdentSegment>
<partLocationSegment>
</partLocationSegment>
<applicabilitySegment />
<locationRcmdSegment>
<locationRcmd>
<service>xxx</service>
<sourceMaintRecoverability>x</sourceMaintRecoverability>
</locationRcmd>
</locationRcmdSegment>
</itemSequenceNumber>
</catalogSeqNumber>
<catalogSeqNumber catalogSeqNumberValue="11223301A060 " indenture="4" catalogItemNumber="060 ">
<itemSequenceNumber itemSeqNumberValue="00A">
<quantityPerNextHigherAssy>1</quantityPerNextHigherAssy>
<manufacturerCode>10819</manufacturerCode>
<partNumber>PM005310</partNumber>
<partIdentSegment>
<descrForPart>Zerk Fitting</descrForPart>
</partIdentSegment>
<partLocationSegment>
</partLocationSegment>
<applicabilitySegment />
<locationRcmdSegment>
<locationRcmd>
<service>xxx</service>
<sourceMaintRecoverability>x</sourceMaintRecoverability>
</locationRcmd>
</locationRcmdSegment>
</itemSequenceNumber>
</catalogSeqNumber>
<catalogSeqNumber catalogSeqNumberValue="11223301A070 " indenture="3" catalogItemNumber="070 ">
<itemSequenceNumber itemSeqNumberValue="00A">
<quantityPerNextHigherAssy>1</quantityPerNextHigherAssy>
<manufacturerCode>10819</manufacturerCode>
<partNumber>PM005320</partNumber>
<partIdentSegment>
<descrForPart>Backplate</descrForPart>
</partIdentSegment>
<partLocationSegment>
</partLocationSegment>
<applicabilitySegment />
<locationRcmdSegment>
<locationRcmd>
<service>xxx</service>
<sourceMaintRecoverability>x</sourceMaintRecoverability>
</locationRcmd>
</locationRcmdSegment>
</itemSequenceNumber>
</catalogSeqNumber>
<catalogSeqNumber catalogSeqNumberValue="11223301A080 " indenture="3" catalogItemNumber="080 ">
<itemSequenceNumber itemSeqNumberValue="00A">
<quantityPerNextHigherAssy>2</quantityPerNextHigherAssy>
<manufacturerCode>10819</manufacturerCode>
<partNumber>DP00356</partNumber>
<partIdentSegment>
<descrForPart>Dowel Pin</descrForPart>
</partIdentSegment>
<partLocationSegment>
</partLocationSegment>
<applicabilitySegment />
<locationRcmdSegment>
<locationRcmd>
<service>xxx</service>
<sourceMaintRecoverability>x</sourceMaintRecoverability>
</locationRcmd>
</locationRcmdSegment>
</itemSequenceNumber>
</catalogSeqNumber>
<catalogSeqNumber catalogSeqNumberValue="11223301A090 " indenture="3" catalogItemNumber="090 ">
<itemSequenceNumber itemSeqNumberValue="00A">
<quantityPerNextHigherAssy>1</quantityPerNextHigherAssy>
<manufacturerCode>10819</manufacturerCode>
<partNumber>PM005330</partNumber>
<partIdentSegment>
<descrForPart>Gasket, Case</descrForPart>
</partIdentSegment>
<partLocationSegment>
</partLocationSegment>
<applicabilitySegment />
<locationRcmdSegment>
<locationRcmd>
<service>xxx</service>
<sourceMaintRecoverability>x</sourceMaintRecoverability>
</locationRcmd>
</locationRcmdSegment>
</itemSequenceNumber>
</catalogSeqNumber>
<catalogSeqNumber catalogSeqNumberValue="11223301A100 " indenture="2" catalogItemNumber="100 ">
<itemSequenceNumber itemSeqNumberValue="00A">
<quantityPerNextHigherAssy>8</quantityPerNextHigherAssy>
<manufacturerCode>10819</manufacturerCode>
<partNumber>BLT000350</partNumber>
<partIdentSegment>
<descrForPart>Bolt, Hex Head</descrForPart>
</partIdentSegment>
<partLocationSegment>
</partLocationSegment>
<applicabilitySegment />
<locationRcmdSegment>
<locationRcmd>
<service>xxx</service>
<sourceMaintRecoverability>x</sourceMaintRecoverability>
</locationRcmd>
</locationRcmdSegment>
</itemSequenceNumber>
</catalogSeqNumber>
<catalogSeqNumber catalogSeqNumberValue="11223301A110 " indenture="2" catalogItemNumber="110 ">
<itemSequenceNumber itemSeqNumberValue="00A">
<quantityPerNextHigherAssy>2</quantityPerNextHigherAssy>
<manufacturerCode>10819</manufacturerCode>
<partNumber>PM005340</partNumber>
<partIdentSegment>
<descrForPart>Flange, Straight</descrForPart>
</partIdentSegment>
<partLocationSegment>
</partLocationSegment>
<applicabilitySegment />
<locationRcmdSegment>
<locationRcmd>
<service>xxx</service>
<sourceMaintRecoverability>x</sourceMaintRecoverability>
</locationRcmd>
</locationRcmdSegment>
</itemSequenceNumber>
</catalogSeqNumber>
<catalogSeqNumber catalogSeqNumberValue="11223301A120 " indenture="2" catalogItemNumber="120 ">
<itemSequenceNumber itemSeqNumberValue="00A">
<quantityPerNextHigherAssy>2</quantityPerNextHigherAssy>
<manufacturerCode>10819</manufacturerCode>
<partNumber>PM005345</partNumber>
<partIdentSegment>
<descrForPart>Gasket, Flange</descrForPart>
</partIdentSegment>
<partLocationSegment>
</partLocationSegment>
<applicabilitySegment />
<locationRcmdSegment>
<locationRcmd>
<service>xxx</service>
<sourceMaintRecoverability>x</sourceMaintRecoverability>
</locationRcmd>
</locationRcmdSegment>
</itemSequenceNumber>
</catalogSeqNumber>
<catalogSeqNumber catalogSeqNumberValue="11223301A130 " indenture="2" catalogItemNumber="130 ">
<itemSequenceNumber itemSeqNumberValue="00A">
<quantityPerNextHigherAssy>1</quantityPerNextHigherAssy>
<manufacturerCode>10819</manufacturerCode>
<partNumber>PM005350</partNumber>
<partIdentSegment>
<descrForPart>Casing</descrForPart>
</partIdentSegment>
<partLocationSegment>
</partLocationSegment>
<applicabilitySegment />
<locationRcmdSegment>
<locationRcmd>
<service>xxx</service>
<sourceMaintRecoverability>x</sourceMaintRecoverability>
</locationRcmd>
</locationRcmdSegment>
</itemSequenceNumber>
</catalogSeqNumber>
<catalogSeqNumber catalogSeqNumberValue="11223301A140 " indenture="2" catalogItemNumber="140 ">
<itemSequenceNumber itemSeqNumberValue="00A">
<quantityPerNextHigherAssy>1</quantityPerNextHigherAssy>
<manufacturerCode>10819</manufacturerCode>
<partNumber>PM005500</partNumber>
<partIdentSegment>
<descrForPart>Idler Shaft Assy</descrForPart>
</partIdentSegment>
<partLocationSegment>
</partLocationSegment>
<applicabilitySegment />
<locationRcmdSegment>
<locationRcmd>
<service>xxx</service>
<sourceMaintRecoverability>x</sourceMaintRecoverability>
</locationRcmd>
</locationRcmdSegment>
</itemSequenceNumber>
</catalogSeqNumber>
<catalogSeqNumber catalogSeqNumberValue="11223301A150 " indenture="3" catalogItemNumber="150 ">
<itemSequenceNumber itemSeqNumberValue="00A">
<quantityPerNextHigherAssy>1</quantityPerNextHigherAssy>
<manufacturerCode>10819</manufacturerCode>
<partNumber>SH40020</partNumber>
<partIdentSegment>
<descrForPart>Shaft, Idler</descrForPart>
</partIdentSegment>
<partLocationSegment>
</partLocationSegment>
<applicabilitySegment />
<locationRcmdSegment>
<locationRcmd>
<service>xxx</service>
<sourceMaintRecoverability>x</sourceMaintRecoverability>
</locationRcmd>
</locationRcmdSegment>
</itemSequenceNumber>
</catalogSeqNumber>
<catalogSeqNumber catalogSeqNumberValue="11223301A160 " indenture="3" catalogItemNumber="160 ">
<itemSequenceNumber itemSeqNumberValue="00A">
<quantityPerNextHigherAssy>1</quantityPerNextHigherAssy>
<manufacturerCode>10819</manufacturerCode>
<partNumber>SH40140</partNumber>
<partIdentSegment>
<descrForPart>Key</descrForPart>
</partIdentSegment>
<partLocationSegment>
</partLocationSegment>
<applicabilitySegment />
<locationRcmdSegment>
<locationRcmd>
<service>xxx</service>
<sourceMaintRecoverability>x</sourceMaintRecoverability>
</locationRcmd>
</locationRcmdSegment>
</itemSequenceNumber>
</catalogSeqNumber>
<catalogSeqNumber catalogSeqNumberValue="11223301A170 " indenture="3" catalogItemNumber="170 ">
<itemSequenceNumber itemSeqNumberValue="00A">
<quantityPerNextHigherAssy>1</quantityPerNextHigherAssy>
<manufacturerCode>10819</manufacturerCode>
<partNumber>SH40500</partNumber>
<partIdentSegment>
<descrForPart>Gear, Right Hand</descrForPart>
</partIdentSegment>
<partLocationSegment>
</partLocationSegment>
<applicabilitySegment />
<locationRcmdSegment>
<locationRcmd>
<service>xxx</service>
<sourceMaintRecoverability>x</sourceMaintRecoverability>
</locationRcmd>
</locationRcmdSegment>
</itemSequenceNumber>
</catalogSeqNumber>
<catalogSeqNumber catalogSeqNumberValue="11223301A180 " indenture="3" catalogItemNumber="180 ">
<itemSequenceNumber itemSeqNumberValue="00A">
<quantityPerNextHigherAssy>2</quantityPerNextHigherAssy>
<manufacturerCode>10819</manufacturerCode>
<partNumber>PM005510</partNumber>
<partIdentSegment>
<descrForPart>Bushing, Long</descrForPart>
</partIdentSegment>
<partLocationSegment>
</partLocationSegment>
<applicabilitySegment />
<locationRcmdSegment>
<locationRcmd>
<service>xxx</service>
<sourceMaintRecoverability>x</sourceMaintRecoverability>
</locationRcmd>
</locationRcmdSegment>
</itemSequenceNumber>
</catalogSeqNumber>
<catalogSeqNumber catalogSeqNumberValue="11223301A190 " indenture="3" catalogItemNumber="190 ">
<itemSequenceNumber itemSeqNumberValue="00A">
<quantityPerNextHigherAssy>2</quantityPerNextHigherAssy>
<manufacturerCode>10819</manufacturerCode>
<partNumber>PM005530</partNumber>
<partIdentSegment>
<descrForPart>Washer, Expansion</descrForPart>
</partIdentSegment>
<partLocationSegment>
</partLocationSegment>
<applicabilitySegment />
<locationRcmdSegment>
<locationRcmd>
<service>xxx</service>
<sourceMaintRecoverability>x</sourceMaintRecoverability>
</locationRcmd>
</locationRcmdSegment>
</itemSequenceNumber>
</catalogSeqNumber>
<catalogSeqNumber catalogSeqNumberValue="11223301A200 " indenture="2" catalogItemNumber="200 ">
<itemSequenceNumber itemSeqNumberValue="00A">
<quantityPerNextHigherAssy>1</quantityPerNextHigherAssy>
<manufacturerCode>10819</manufacturerCode>
<partNumber>PM005501</partNumber>
<partIdentSegment>
<descrForPart>Drive Shaft Assy</descrForPart>
</partIdentSegment>
<partLocationSegment>
</partLocationSegment>
<applicabilitySegment />
<locationRcmdSegment>
<locationRcmd>
<service>xxx</service>
<sourceMaintRecoverability>x</sourceMaintRecoverability>
</locationRcmd>
</locationRcmdSegment>
</itemSequenceNumber>
</catalogSeqNumber>
<catalogSeqNumber catalogSeqNumberValue="11223301A210 " indenture="3" catalogItemNumber="210 ">
<itemSequenceNumber itemSeqNumberValue="00A">
<quantityPerNextHigherAssy>1</quantityPerNextHigherAssy>
<manufacturerCode>10819</manufacturerCode>
<partNumber>SH40120</partNumber>
<partIdentSegment>
<descrForPart>Shaft, Drive - Rev. A</descrForPart>
</partIdentSegment>
<partLocationSegment>
<descrForLocation>CAN BE REPLACED BY SH40121</descrForLocation>
</partLocationSegment>
<applicabilitySegment>
<usableOnCodeAssy>A</usableOnCodeAssy>
<interchangeability>1</interchangeability>
</applicabilitySegment>
<locationRcmdSegment>
<locationRcmd>
<service>xxx</service>
<sourceMaintRecoverability>x</sourceMaintRecoverability>
</locationRcmd>
</locationRcmdSegment>
</itemSequenceNumber>
</catalogSeqNumber>
<catalogSeqNumber catalogSeqNumberValue="11223301A215 " indenture="3" catalogItemNumber="215 ">
<itemSequenceNumber itemSeqNumberValue="00A">
<quantityPerNextHigherAssy>1</quantityPerNextHigherAssy>
<manufacturerCode>10819</manufacturerCode>
<partNumber>SH40121</partNumber>
<partIdentSegment>
<descrForPart>Shaft, Drive - Rev. B</descrForPart>
</partIdentSegment>
<partLocationSegment>
<descrForLocation>CAN BE REPLACED BY SH40120</descrForLocation>
</partLocationSegment>
<applicabilitySegment>
<usableOnCodeAssy>B</usableOnCodeAssy>
<interchangeability>1</interchangeability>
</applicabilitySegment>
<locationRcmdSegment>
<locationRcmd>
<service>xxx</service>
<sourceMaintRecoverability>x</sourceMaintRecoverability>
</locationRcmd>
</locationRcmdSegment>
</itemSequenceNumber>
</catalogSeqNumber>
<catalogSeqNumber catalogSeqNumberValue="11223301A220 " indenture="3" catalogItemNumber="220 ">
<itemSequenceNumber itemSeqNumberValue="00A">
<quantityPerNextHigherAssy>1</quantityPerNextHigherAssy>
<manufacturerCode>10819</manufacturerCode>
<partNumber>SH40040</partNumber>
<partIdentSegment>
<descrForPart>Key</descrForPart>
</partIdentSegment>
<partLocationSegment>
</partLocationSegment>
<applicabilitySegment />
<locationRcmdSegment>
<locationRcmd>
<service>xxx</service>
<sourceMaintRecoverability>x</sourceMaintRecoverability>
</locationRcmd>
</locationRcmdSegment>
</itemSequenceNumber>
</catalogSeqNumber>
<catalogSeqNumber catalogSeqNumberValue="11223301A230 " indenture="3" catalogItemNumber="230 ">
<itemSequenceNumber itemSeqNumberValue="00A">
<quantityPerNextHigherAssy>1</quantityPerNextHigherAssy>
<manufacturerCode>10819</manufacturerCode>
<partNumber>SH40140</partNumber>
<partIdentSegment>
<descrForPart>Key</descrForPart>
</partIdentSegment>
<partLocationSegment>
</partLocationSegment>
<applicabilitySegment />
<locationRcmdSegment>
<locationRcmd>
<service>xxx</service>
<sourceMaintRecoverability>x</sourceMaintRecoverability>
</locationRcmd>
</locationRcmdSegment>
</itemSequenceNumber>
</catalogSeqNumber>
<catalogSeqNumber catalogSeqNumberValue="11223301A240 " indenture="3" catalogItemNumber="240 ">
<itemSequenceNumber itemSeqNumberValue="00A">
<quantityPerNextHigherAssy>1</quantityPerNextHigherAssy>
<manufacturerCode>10819</manufacturerCode>
<partNumber>SH40400</partNumber>
<partIdentSegment>
<descrForPart>Gear, Left Hand</descrForPart>
</partIdentSegment>
<partLocationSegment>
</partLocationSegment>
<applicabilitySegment />
<locationRcmdSegment>
<locationRcmd>
<service>xxx</service>
<sourceMaintRecoverability>x</sourceMaintRecoverability>
</locationRcmd>
</locationRcmdSegment>
</itemSequenceNumber>
</catalogSeqNumber>
<catalogSeqNumber catalogSeqNumberValue="11223301A250 " indenture="3" catalogItemNumber="250 ">
<itemSequenceNumber itemSeqNumberValue="00A">
<quantityPerNextHigherAssy>1</quantityPerNextHigherAssy>
<manufacturerCode>10819</manufacturerCode>
<partNumber>PM005510</partNumber>
<partIdentSegment>
<descrForPart>Bushing, Long</descrForPart>
</partIdentSegment>
<partLocationSegment>
</partLocationSegment>
<applicabilitySegment />
<locationRcmdSegment>
<locationRcmd>
<service>xxx</service>
<sourceMaintRecoverability>x</sourceMaintRecoverability>
</locationRcmd>
</locationRcmdSegment>
</itemSequenceNumber>
</catalogSeqNumber>
<catalogSeqNumber catalogSeqNumberValue="11223301A260 " indenture="3" catalogItemNumber="260 ">
<itemSequenceNumber itemSeqNumberValue="00A">
<quantityPerNextHigherAssy>1</quantityPerNextHigherAssy>
<manufacturerCode>10819</manufacturerCode>
<partNumber>PM005520</partNumber>
<partIdentSegment>
<descrForPart>Bushing, Short</descrForPart>
</partIdentSegment>
<partLocationSegment>
</partLocationSegment>
<applicabilitySegment />
<locationRcmdSegment>
<locationRcmd>
<service>xxx</service>
<sourceMaintRecoverability>x</sourceMaintRecoverability>
</locationRcmd>
</locationRcmdSegment>
</itemSequenceNumber>
</catalogSeqNumber>
<catalogSeqNumber catalogSeqNumberValue="11223301A270 " indenture="3" catalogItemNumber="270 ">
<itemSequenceNumber itemSeqNumberValue="00A">
<quantityPerNextHigherAssy>1</quantityPerNextHigherAssy>
<manufacturerCode>10819</manufacturerCode>
<partNumber>PM005530</partNumber>
<partIdentSegment>
<descrForPart>Washer, Expansion</descrForPart>
</partIdentSegment>
<partLocationSegment>
</partLocationSegment>
<applicabilitySegment />
<locationRcmdSegment>
<locationRcmd>
<service>xxx</service>
<sourceMaintRecoverability>x</sourceMaintRecoverability>
</locationRcmd>
</locationRcmdSegment>
</itemSequenceNumber>
</catalogSeqNumber>
<catalogSeqNumber catalogSeqNumberValue="11223301A280 " indenture="2" catalogItemNumber="280 ">
<itemSequenceNumber itemSeqNumberValue="00A">
<quantityPerNextHigherAssy>1</quantityPerNextHigherAssy>
<manufacturerCode>10819</manufacturerCode>
<partNumber>PM005600</partNumber>
<partIdentSegment>
<descrForPart>Face Plate Assy</descrForPart>
</partIdentSegment>
<partLocationSegment>
</partLocationSegment>
<applicabilitySegment />
<locationRcmdSegment>
<locationRcmd>
<service>xxx</service>
<sourceMaintRecoverability>x</sourceMaintRecoverability>
</locationRcmd>
</locationRcmdSegment>
</itemSequenceNumber>
</catalogSeqNumber>
<catalogSeqNumber catalogSeqNumberValue="11223301A290 " indenture="3" catalogItemNumber="290 ">
<itemSequenceNumber itemSeqNumberValue="00A">
<quantityPerNextHigherAssy>6</quantityPerNextHigherAssy>
<manufacturerCode>10819</manufacturerCode>
<partNumber>BLT000324</partNumber>
<partIdentSegment>
<descrForPart>Bolt, Hex Head</descrForPart>
</partIdentSegment>
<partLocationSegment>
</partLocationSegment>
<applicabilitySegment />
<locationRcmdSegment>
<locationRcmd>
<service>xxx</service>
<sourceMaintRecoverability>x</sourceMaintRecoverability>
</locationRcmd>
</locationRcmdSegment>
</itemSequenceNumber>
</catalogSeqNumber>
<catalogSeqNumber catalogSeqNumberValue="11223301A300 " indenture="3" catalogItemNumber="300 ">
<itemSequenceNumber itemSeqNumberValue="00A">
<quantityPerNextHigherAssy>2</quantityPerNextHigherAssy>
<manufacturerCode>10819</manufacturerCode>
<partNumber>DP00356</partNumber>
<partIdentSegment>
<descrForPart>Dowel Pin</descrForPart>
</partIdentSegment>
<partLocationSegment>
</partLocationSegment>
<applicabilitySegment />
<locationRcmdSegment>
<locationRcmd>
<service>xxx</service>
<sourceMaintRecoverability>x</sourceMaintRecoverability>
</locationRcmd>
</locationRcmdSegment>
</itemSequenceNumber>
</catalogSeqNumber>
<catalogSeqNumber catalogSeqNumberValue="11223301A310 " indenture="3" catalogItemNumber="310 ">
<itemSequenceNumber itemSeqNumberValue="00A">
<quantityPerNextHigherAssy>1</quantityPerNextHigherAssy>
<manufacturerCode>10819</manufacturerCode>
<partNumber>PM005330</partNumber>
<partIdentSegment>
<descrForPart>Gasket, Case</descrForPart>
</partIdentSegment>
<partLocationSegment>
</partLocationSegment>
<applicabilitySegment />
<locationRcmdSegment>
<locationRcmd>
<service>xxx</service>
<sourceMaintRecoverability>x</sourceMaintRecoverability>
</locationRcmd>
</locationRcmdSegment>
</itemSequenceNumber>
</catalogSeqNumber>
<catalogSeqNumber catalogSeqNumberValue="11223301A320 " indenture="3" catalogItemNumber="320 ">
<itemSequenceNumber itemSeqNumberValue="00A">
<quantityPerNextHigherAssy>1</quantityPerNextHigherAssy>
<manufacturerCode>10819</manufacturerCode>
<partNumber>PM005400</partNumber>
<partIdentSegment>
<descrForPart>Face Plate Assembly, Relief Valve</descrForPart>
</partIdentSegment>
<partLocationSegment>
</partLocationSegment>
<applicabilitySegment />
<locationRcmdSegment>
<locationRcmd>
<service>xxx</service>
<sourceMaintRecoverability>x</sourceMaintRecoverability>
</locationRcmd>
</locationRcmdSegment>
</itemSequenceNumber>
</catalogSeqNumber>
<catalogSeqNumber catalogSeqNumberValue="11223301A330 " indenture="4" catalogItemNumber="330 ">
<itemSequenceNumber itemSeqNumberValue="00A">
<quantityPerNextHigherAssy>1</quantityPerNextHigherAssy>
<manufacturerCode>10819</manufacturerCode>
<partNumber>PM005410</partNumber>
<partIdentSegment>
<descrForPart>Face Plate</descrForPart>
</partIdentSegment>
<partLocationSegment>
</partLocationSegment>
<applicabilitySegment />
<locationRcmdSegment>
<locationRcmd>
<service>xxx</service>
<sourceMaintRecoverability>x</sourceMaintRecoverability>
</locationRcmd>
</locationRcmdSegment>
</itemSequenceNumber>
</catalogSeqNumber>
<catalogSeqNumber catalogSeqNumberValue="11223301A340 " indenture="4" catalogItemNumber="340 ">
<itemSequenceNumber itemSeqNumberValue="00A">
<quantityPerNextHigherAssy>2</quantityPerNextHigherAssy>
<manufacturerCode>10819</manufacturerCode>
<partNumber>PM005420</partNumber>
<partIdentSegment>
<descrForPart>Drive Screw</descrForPart>
</partIdentSegment>
<partLocationSegment>
</partLocationSegment>
<applicabilitySegment />
<locationRcmdSegment>
<locationRcmd>
<service>xxx</service>
<sourceMaintRecoverability>x</sourceMaintRecoverability>
</locationRcmd>
</locationRcmdSegment>
</itemSequenceNumber>
</catalogSeqNumber>
<catalogSeqNumber catalogSeqNumberValue="11223301A350 " indenture="4" catalogItemNumber="350 ">
<itemSequenceNumber itemSeqNumberValue="00A">
<quantityPerNextHigherAssy>1</quantityPerNextHigherAssy>
<manufacturerCode>10819</manufacturerCode>
<partNumber>PM005430</partNumber>
<partIdentSegment>
<descrForPart>Name Plate</descrForPart>
</partIdentSegment>
<partLocationSegment>
</partLocationSegment>
<applicabilitySegment />
<locationRcmdSegment>
<locationRcmd>
<service>xxx</service>
<sourceMaintRecoverability>x</sourceMaintRecoverability>
</locationRcmd>
</locationRcmdSegment>
</itemSequenceNumber>
</catalogSeqNumber>
<catalogSeqNumber catalogSeqNumberValue="11223301A360 " indenture="4" catalogItemNumber="360 ">
<itemSequenceNumber itemSeqNumberValue="00A">
<quantityPerNextHigherAssy>2</quantityPerNextHigherAssy>
<manufacturerCode>10819</manufacturerCode>
<partNumber>PM005440</partNumber>
<partIdentSegment>
<descrForPart>Pipe Plug</descrForPart>
</partIdentSegment>
<partLocationSegment>
</partLocationSegment>
<applicabilitySegment />
<locationRcmdSegment>
<locationRcmd>
<service>xxx</service>
<sourceMaintRecoverability>x</sourceMaintRecoverability>
</locationRcmd>
</locationRcmdSegment>
</itemSequenceNumber>
</catalogSeqNumber>
<catalogSeqNumber catalogSeqNumberValue="11223301A370 " indenture="4" catalogItemNumber="370 ">
<itemSequenceNumber itemSeqNumberValue="00A">
<quantityPerNextHigherAssy>1</quantityPerNextHigherAssy>
<manufacturerCode>10819</manufacturerCode>
<partNumber>PM005450</partNumber>
<partIdentSegment>
<descrForPart>Poppet and Spring</descrForPart>
</partIdentSegment>
<partLocationSegment>
</partLocationSegment>
<applicabilitySegment />
<locationRcmdSegment>
<locationRcmd>
<service>xxx</service>
<sourceMaintRecoverability>x</sourceMaintRecoverability>
</locationRcmd>
</locationRcmdSegment>
</itemSequenceNumber>
</catalogSeqNumber>
<catalogSeqNumber catalogSeqNumberValue="11223301A380 " indenture="4" catalogItemNumber="380 ">
<itemSequenceNumber itemSeqNumberValue="00A">
<quantityPerNextHigherAssy>1</quantityPerNextHigherAssy>
<manufacturerCode>10819</manufacturerCode>
<partNumber>PM005460</partNumber>
<partIdentSegment>
<descrForPart>Spring, Standard</descrForPart>
</partIdentSegment>
<partLocationSegment>
</partLocationSegment>
<applicabilitySegment />
<locationRcmdSegment>
<locationRcmd>
<service>xxx</service>
<sourceMaintRecoverability>x</sourceMaintRecoverability>
</locationRcmd>
</locationRcmdSegment>
</itemSequenceNumber>
</catalogSeqNumber>
<catalogSeqNumber catalogSeqNumberValue="11223301A390 " indenture="4" catalogItemNumber="390 ">
<itemSequenceNumber itemSeqNumberValue="00A">
<quantityPerNextHigherAssy>1</quantityPerNextHigherAssy>
<manufacturerCode>10819</manufacturerCode>
<partNumber>PM005470</partNumber>
<partIdentSegment>
<descrForPart>O-Ring, Buna</descrForPart>
</partIdentSegment>
<partLocationSegment>
</partLocationSegment>
<applicabilitySegment />
<locationRcmdSegment>
<locationRcmd>
<service>xxx</service>
<sourceMaintRecoverability>x</sourceMaintRecoverability>
</locationRcmd>
</locationRcmdSegment>
</itemSequenceNumber>
</catalogSeqNumber>
<catalogSeqNumber catalogSeqNumberValue="11223301A400 " indenture="4" catalogItemNumber="400 ">
<itemSequenceNumber itemSeqNumberValue="00A">
<quantityPerNextHigherAssy>1</quantityPerNextHigherAssy>
<manufacturerCode>10819</manufacturerCode>
<partNumber>PM005480</partNumber>
<partIdentSegment>
<descrForPart>Plug Cap</descrForPart>
</partIdentSegment>
<partLocationSegment>
</partLocationSegment>
<applicabilitySegment />
<locationRcmdSegment>
<locationRcmd>
<service>xxx</service>
<sourceMaintRecoverability>x</sourceMaintRecoverability>
</locationRcmd>
</locationRcmdSegment>
</itemSequenceNumber>
</catalogSeqNumber>
<catalogSeqNumber catalogSeqNumberValue="11223301A410 " indenture="4" catalogItemNumber="410 ">
<itemSequenceNumber itemSeqNumberValue="00A">
<quantityPerNextHigherAssy>1</quantityPerNextHigherAssy>
<manufacturerCode>10819</manufacturerCode>
<partNumber>NT3456</partNumber>
<partIdentSegment>
<descrForPart>Nut</descrForPart>
</partIdentSegment>
<partLocationSegment>
</partLocationSegment>
<applicabilitySegment />
<locationRcmdSegment>
<locationRcmd>
<service>xxx</service>
<sourceMaintRecoverability>x</sourceMaintRecoverability>
</locationRcmd>
</locationRcmdSegment>
</itemSequenceNumber>
</catalogSeqNumber>
<catalogSeqNumber catalogSeqNumberValue="11223301A420 " indenture="4" catalogItemNumber="420 ">
<itemSequenceNumber itemSeqNumberValue="00A">
<quantityPerNextHigherAssy>1</quantityPerNextHigherAssy>
<manufacturerCode>10819</manufacturerCode>
<partNumber>NT4850</partNumber>
<partIdentSegment>
<descrForPart>Nut, Lock and Seal</descrForPart>
</partIdentSegment>
<partLocationSegment>
</partLocationSegment>
<applicabilitySegment />
<locationRcmdSegment>
<locationRcmd>
<service>xxx</service>
<sourceMaintRecoverability>x</sourceMaintRecoverability>
</locationRcmd>
</locationRcmdSegment>
</itemSequenceNumber>
</catalogSeqNumber>
<catalogSeqNumber catalogSeqNumberValue="11223301A430 " indenture="4" catalogItemNumber="430 ">
<itemSequenceNumber itemSeqNumberValue="00A">
<quantityPerNextHigherAssy>1</quantityPerNextHigherAssy>
<manufacturerCode>10819</manufacturerCode>
<partNumber>BLT005532</partNumber>
<partIdentSegment>
<descrForPart>Screw, Adjustment</descrForPart>
</partIdentSegment>
<partLocationSegment>
</partLocationSegment>
<applicabilitySegment />
<locationRcmdSegment>
<locationRcmd>
<service>xxx</service>
<sourceMaintRecoverability>x</sourceMaintRecoverability>
</locationRcmd>
</locationRcmdSegment>
</itemSequenceNumber>
</catalogSeqNumber>
<catalogSeqNumber catalogSeqNumberValue="11223301A440 " indenture="4" catalogItemNumber="440 ">
<itemSequenceNumber itemSeqNumberValue="00A">
<quantityPerNextHigherAssy>1</quantityPerNextHigherAssy>
<manufacturerCode>10819</manufacturerCode>
<partNumber>PM5490</partNumber>
<partIdentSegment>
<descrForPart>Spring, High Pressure</descrForPart>
</partIdentSegment>
<partLocationSegment>
</partLocationSegment>
<applicabilitySegment />
<locationRcmdSegment>
<locationRcmd>
<service>xxx</service>
<sourceMaintRecoverability>x</sourceMaintRecoverability>
</locationRcmd>
</locationRcmdSegment>
</itemSequenceNumber>
</catalogSeqNumber>
<catalogSeqNumber catalogSeqNumberValue="11223301A450 " indenture="4" catalogItemNumber="450 ">
<itemSequenceNumber itemSeqNumberValue="00A">
<quantityPerNextHigherAssy>2</quantityPerNextHigherAssy>
<manufacturerCode>10819</manufacturerCode>
<partNumber>BLT003345</partNumber>
<partIdentSegment>
<descrForPart>Bolt, Hex Head</descrForPart>
</partIdentSegment>
<partLocationSegment>
</partLocationSegment>
<applicabilitySegment />
<locationRcmdSegment>
<locationRcmd>
<service>xxx</service>
<sourceMaintRecoverability>x</sourceMaintRecoverability>
</locationRcmd>
</locationRcmdSegment>
</itemSequenceNumber>
</catalogSeqNumber>
</illustratedPartsCatalog>
</content>
</dmodule>
